Sales_ID,Seg_Key,Cty_Key,Prd_Key,Discount Band,Units Sold,Sale Price,Gross Sales,Discounts,Sales,COGS,Profit,Date
S01,Gov,Can,Car,None,1618.5,20,32370,0,32370,16185,16185,1/1/2014
S02,Gov,Ger,Car,None,1321,20,26420,0,26420,13210,13210,1/1/2014
S03,Mid,Fra,Car,None,2178,15,32670,0,32670,21780,10890,6/1/2014
S04,Mid,Ger,Car,None,888,15,13320,0,13320,8880,4440,6/1/2014
S05,Mid,Mex,Car,None,2470,15,37050,0,37050,24700,12350,6/1/2014
S06,Gov,Ger,Car,None,1513,350,529550,0,529550,393380,136170,12/1/2014
S07,Mid,Ger,Mon,None,921,15,13815,0,13815,9210,4605,3/1/2014
S08,Cha,Can,Mon,None,2518,12,30216,0,30216,7554,22662,6/1/2014
S09,Gov,Fra,Mon,None,1899,20,37980,0,37980,18990,18990,6/1/2014
S10,Cha,Ger,Mon,None,1545,12,18540,0,18540,4635,13905,6/1/2014
S11,Mid,Mex,Mon,None,2470,15,37050,0,37050,24700,12350,6/1/2014
S12,Ent,Can,Mon,None,2665.5,125,333187.5,0,333187.5,319860,13327.5,7/1/2014
S13,Bus,Mex,Mon,None,958,300,287400,0,287400,239500,47900,8/1/2014
S14,Gov,Ger,Mon,None,2146,7,15022,0,15022,10730,4292,9/1/2014
S15,Ent,Can,Mon,None,345,125,43125,0,43125,41400,1725,10/1/2013
S16,Mid,USA,Mon,None,615,15,9225,0,9225,6150,3075,12/1/2014
S17,Gov,Can,Pas,None,292,20,5840,0,5840,2920,2920,2/1/2014
S18,Mid,Mex,Pas,None,974,15,14610,0,14610,9740,4870,2/1/2014
S19,Cha,Can,Pas,None,2518,12,30216,0,30216,7554,22662,6/1/2014
S20,Gov,Ger,Pas,None,1006,350,352100,0,352100,261560,90540,6/1/2014
S21,Cha,Ger,Pas,None,367,12,4404,0,4404,1101,3303,7/1/2014
S22,Gov,Mex,Pas,None,883,7,6181,0,6181,4415,1766,8/1/2014
S23,Mid,Fra,Pas,None,549,15,8235,0,8235,5490,2745,9/1/2013
S24,Bus,Mex,Pas,None,788,300,236400,0,236400,197000,39400,9/1/2013
S25,Mid,Mex,Pas,None,2472,15,37080,0,37080,24720,12360,9/1/2014
S26,Gov,USA,Pas,None,1143,7,8001,0,8001,5715,2286,10/1/2014
S27,Gov,Can,Pas,None,1725,350,603750,0,603750,448500,155250,11/1/2013
S28,Cha,USA,Pas,None,912,12,10944,0,10944,2736,8208,11/1/2013
S29,Mid,Can,Pas,None,2152,15,32280,0,32280,21520,10760,12/1/2013
S30,Gov,Can,Pas,None,1817,20,36340,0,36340,18170,18170,12/1/2014
S31,Gov,Ger,Pas,None,1513,350,529550,0,529550,393380,136170,12/1/2014
S32,Gov,Mex,Vel,None,1493,7,10451,0,10451,7465,2986,1/1/2014
S33,Ent,Fra,Vel,None,1804,125,225500,0,225500,216480,9020,2/1/2014
S34,Cha,Ger,Vel,None,2161,12,25932,0,25932,6483,19449,3/1/2014
S35,Gov,Ger,Vel,None,1006,350,352100,0,352100,261560,90540,6/1/2014
S36,Cha,Ger,Vel,None,1545,12,18540,0,18540,4635,13905,6/1/2014
S37,Ent,USA,Vel,None,2821,125,352625,0,352625,338520,14105,8/1/2014
S38,Ent,Can,Vel,None,345,125,43125,0,43125,41400,1725,10/1/2013
S39,Bus,Can,VTT,None,2001,300,600300,0,600300,500250,100050,2/1/2014
S40,Cha,Ger,VTT,None,2838,12,34056,0,34056,8514,25542,4/1/2014
S41,Mid,Fra,VTT,None,2178,15,32670,0,32670,21780,10890,6/1/2014
S42,Mid,Ger,VTT,None,888,15,13320,0,13320,8880,4440,6/1/2014
S43,Gov,Fra,VTT,None,1527,350,534450,0,534450,397020,137430,9/1/2013
S44,Bus,Fra,VTT,None,2151,300,645300,0,645300,537750,107550,9/1/2014
S45,Gov,Can,VTT,None,1817,20,36340,0,36340,18170,18170,12/1/2014
S46,Gov,Fra,Ama,None,2750,350,962500,0,962500,715000,247500,2/1/2014
S47,Cha,USA,Ama,None,1953,12,23436,0,23436,5859,17577,4/1/2014
S48,Ent,Ger,Ama,None,4219.5,125,527437.5,0,527437.5,506340,21097.5,4/1/2014
S49,Gov,Fra,Ama,None,1899,20,37980,0,37980,18990,18990,6/1/2014
S50,Gov,Ger,Ama,None,1686,7,11802,0,11802,8430,3372,7/1/2014
S51,Cha,USA,Ama,None,2141,12,25692,0,25692,6423,19269,8/1/2014
S52,Gov,USA,Ama,None,1143,7,8001,0,8001,5715,2286,10/1/2014
S53,Mid,USA,Ama,None,615,15,9225,0,9225,6150,3075,12/1/2014
S54,Gov,Fra,Pas,Low,3945,7,27615,276.15,27338.85,19725,7613.85,1/1/2014
S55,Mid,Fra,Pas,Low,2296,15,34440,344.4,34095.6,22960,11135.6,2/1/2014
S56,Gov,Fra,Pas,Low,1030,7,7210,72.1,7137.9,5150,1987.9,5/1/2014
S57,Gov,Fra,Vel,Low,639,7,4473,44.73,4428.27,3195,1233.27,11/1/2014
S58,Gov,Can,VTT,Low,1326,7,9282,92.82,9189.18,6630,2559.18,3/1/2014
S59,Cha,USA,Car,Low,1858,12,22296,222.96,22073.04,5574,16499.04,2/1/2014
S60,Gov,Mex,Car,Low,1210,350,423500,4235,419265,314600,104665,3/1/2014
S61,Gov,USA,Car,Low,2529,7,17703,177.03,17525.97,12645,4880.97,7/1/2014
S62,Cha,Can,Car,Low,1445,12,17340,173.4,17166.6,4335,12831.6,9/1/2014
S63,Ent,USA,Car,Low,330,125,41250,412.5,40837.5,39600,1237.5,9/1/2013
S64,Cha,Fra,Car,Low,2671,12,32052,320.52,31731.48,8013,23718.48,9/1/2014
S65,Cha,Ger,Car,Low,766,12,9192,91.92,9100.08,2298,6802.08,10/1/2013
S66,Bus,Mex,Car,Low,494,300,148200,1482,146718,123500,23218,10/1/2013
S67,Gov,Mex,Car,Low,1397,350,488950,4889.5,484060.5,363220,120840.5,10/1/2014
S68,Gov,Fra,Car,Low,2155,350,754250,7542.5,746707.5,560300,186407.5,12/1/2014
S69,Mid,Mex,Mon,Low,2214,15,33210,332.1,32877.9,22140,10737.9,3/1/2014
S70,Bus,USA,Mon,Low,2301,300,690300,6903,683397,575250,108147,4/1/2014
S71,Gov,Fra,Mon,Low,1375.5,20,27510,275.1,27234.9,13755,13479.9,7/1/2014
S72,Gov,Can,Mon,Low,1830,7,12810,128.1,12681.9,9150,3531.9,8/1/2014
S73,Bus,USA,Mon,Low,2498,300,749400,7494,741906,624500,117406,9/1/2013
S74,Ent,USA,Mon,Low,663,125,82875,828.75,82046.25,79560,2486.25,10/1/2013
S75,Mid,USA,Pas,Low,1514,15,22710,227.1,22482.9,15140,7342.9,2/1/2014
S76,Gov,USA,Pas,Low,4492.5,7,31447.5,314.475,31133.025,22462.5,8670.525,4/1/2014
S77,Ent,USA,Pas,Low,727,125,90875,908.75,89966.25,87240,2726.25,6/1/2014
S78,Ent,Fra,Pas,Low,787,125,98375,983.75,97391.25,94440,2951.25,6/1/2014
S79,Ent,Mex,Pas,Low,1823,125,227875,2278.75,225596.25,218760,6836.25,7/1/2014
S80,Mid,Ger,Pas,Low,747,15,11205,112.05,11092.95,7470,3622.95,9/1/2014
S81,Cha,Ger,Pas,Low,766,12,9192,91.92,9100.08,2298,6802.08,10/1/2013
S82,Bus,USA,Pas,Low,2905,300,871500,8715,862785,726250,136535,11/1/2014
S83,Gov,Fra,Pas,Low,2155,350,754250,7542.5,746707.5,560300,186407.5,12/1/2014
S84,Gov,Fra,Vel,Low,3864,20,77280,772.8,76507.2,38640,37867.2,4/1/2014
S85,Gov,Mex,Vel,Low,362,7,2534,25.34,2508.66,1810,698.66,5/1/2014
S86,Ent,Can,Vel,Low,923,125,115375,1153.75,114221.25,110760,3461.25,8/1/2014
S87,Ent,USA,Vel,Low,663,125,82875,828.75,82046.25,79560,2486.25,10/1/2013
S88,Gov,Can,Vel,Low,2092,7,14644,146.44,14497.56,10460,4037.56,11/1/2013
S89,Gov,Ger,VTT,Low,263,7,1841,18.41,1822.59,1315,507.59,3/1/2014
S90,Gov,Can,VTT,Low,943.5,350,330225,3302.25,326922.75,245310,81612.75,4/1/2014
S91,Ent,USA,VTT,Low,727,125,90875,908.75,89966.25,87240,2726.25,6/1/2014
S92,Ent,Fra,VTT,Low,787,125,98375,983.75,97391.25,94440,2951.25,6/1/2014
S93,Bus,Ger,VTT,Low,986,300,295800,2958,292842,246500,46342,9/1/2014
S94,Bus,Mex,VTT,Low,494,300,148200,1482,146718,123500,23218,10/1/2013
S95,Gov,Mex,VTT,Low,1397,350,488950,4889.5,484060.5,363220,120840.5,10/1/2014
S96,Ent,Fra,VTT,Low,1744,125,218000,2180,215820,209280,6540,11/1/2014
S97,Cha,USA,Ama,Low,1989,12,23868,238.68,23629.32,5967,17662.32,9/1/2013
S98,Mid,Fra,Ama,Low,321,15,4815,48.15,4766.85,3210,1556.85,11/1/2013
S99,Ent,Can,Car,Low,742.5,125,92812.5,1856.25,90956.25,89100,1856.25,4/1/2014
S100,Cha,Can,Car,Low,1295,12,15540,310.8,15229.2,3885,11344.2,10/1/2014
S101,Bus,Ger,Car,Low,214,300,64200,1284,62916,53500,9416,10/1/2013
S102,Gov,Fra,Car,Low,2145,7,15015,300.3,14714.7,10725,3989.7,11/1/2013
S103,Gov,Can,Car,Low,2852,350,998200,19964,978236,741520,236716,12/1/2014
S104,Cha,USA,Mon,Low,1142,12,13704,274.08,13429.92,3426,10003.92,6/1/2014
S105,Gov,USA,Mon,Low,1566,20,31320,626.4,30693.6,15660,15033.6,10/1/2014
S106,Cha,Mex,Mon,Low,690,12,8280,165.6,8114.4,2070,6044.4,11/1/2014
S107,Ent,Mex,Mon,Low,1660,125,207500,4150,203350,199200,4150,11/1/2013
S108,Mid,Can,Pas,Low,2363,15,35445,708.9,34736.1,23630,11106.1,2/1/2014
S109,Bus,Fra,Pas,Low,918,300,275400,5508,269892,229500,40392,5/1/2014
S110,Bus,Ger,Pas,Low,1728,300,518400,10368,508032,432000,76032,5/1/2014
S111,Cha,USA,Pas,Low,1142,12,13704,274.08,13429.92,3426,10003.92,6/1/2014
S112,Ent,Mex,Pas,Low,662,125,82750,1655,81095,79440,1655,6/1/2014
S113,Cha,Can,Pas,Low,1295,12,15540,310.8,15229.2,3885,11344.2,10/1/2014
S114,Ent,Ger,Pas,Low,809,125,101125,2022.5,99102.5,97080,2022.5,10/1/2013
S115,Ent,Mex,Pas,Low,2145,125,268125,5362.5,262762.5,257400,5362.5,10/1/2013
S116,Cha,Fra,Pas,Low,1785,12,21420,428.4,20991.6,5355,15636.6,11/1/2013
S117,Bus,Can,Pas,Low,1916,300,574800,11496,563304,479000,84304,12/1/2014
S118,Gov,Can,Pas,Low,2852,350,998200,19964,978236,741520,236716,12/1/2014
S119,Ent,Can,Pas,Low,2729,125,341125,6822.5,334302.5,327480,6822.5,12/1/2014
S120,Mid,USA,Pas,Low,1925,15,28875,577.5,28297.5,19250,9047.5,12/1/2013
S121,Gov,USA,Pas,Low,2013,7,14091,281.82,13809.18,10065,3744.18,12/1/2013
S122,Cha,Fra,Pas,Low,1055,12,12660,253.2,12406.8,3165,9241.8,12/1/2014
S123,Cha,Mex,Pas,Low,1084,12,13008,260.16,12747.84,3252,9495.84,12/1/2014
S124,Gov,USA,Vel,Low,1566,20,31320,626.4,30693.6,15660,15033.6,10/1/2014
S125,Gov,Ger,Vel,Low,2966,350,1038100,20762,1017338,771160,246178,10/1/2013
S126,Gov,Ger,Vel,Low,2877,350,1006950,20139,986811,748020,238791,10/1/2014
S127,Ent,Ger,Vel,Low,809,125,101125,2022.5,99102.5,97080,2022.5,10/1/2013
S128,Ent,Mex,Vel,Low,2145,125,268125,5362.5,262762.5,257400,5362.5,10/1/2013
S129,Cha,Fra,Vel,Low,1055,12,12660,253.2,12406.8,3165,9241.8,12/1/2014
S130,Gov,Mex,Vel,Low,544,20,10880,217.6,10662.4,5440,5222.4,12/1/2013
S131,Cha,Mex,Vel,Low,1084,12,13008,260.16,12747.84,3252,9495.84,12/1/2014
S132,Ent,Mex,VTT,Low,662,125,82750,1655,81095,79440,1655,6/1/2014
S133,Bus,Ger,VTT,Low,214,300,64200,1284,62916,53500,9416,10/1/2013
S134,Gov,Ger,VTT,Low,2877,350,1006950,20139,986811,748020,238791,10/1/2014
S135,Ent,Can,VTT,Low,2729,125,341125,6822.5,334302.5,327480,6822.5,12/1/2014
S136,Gov,USA,VTT,Low,266,350,93100,1862,91238,69160,22078,12/1/2013
S137,Gov,Mex,VTT,Low,1940,350,679000,13580,665420,504400,161020,12/1/2013
S138,Bus,Ger,Ama,Low,259,300,77700,1554,76146,64750,11396,3/1/2014
S139,Bus,Mex,Ama,Low,1101,300,330300,6606,323694,275250,48444,3/1/2014
S140,Ent,Ger,Ama,Low,2276,125,284500,5690,278810,273120,5690,5/1/2014
S141,Gov,Ger,Ama,Low,2966,350,1038100,20762,1017338,771160,246178,10/1/2013
S142,Gov,USA,Ama,Low,1236,20,24720,494.4,24225.6,12360,11865.6,11/1/2014
S143,Gov,Fra,Ama,Low,941,20,18820,376.4,18443.6,9410,9033.6,11/1/2014
S144,Bus,Can,Ama,Low,1916,300,574800,11496,563304,479000,84304,12/1/2014
S145,Ent,Fra,Car,Low,4243.5,125,530437.5,15913.125,514524.375,509220,5304.375,4/1/2014
S146,Gov,Ger,Car,Low,2580,20,51600,1548,50052,25800,24252,4/1/2014
S147,Bus,Ger,Car,Low,689,300,206700,6201,200499,172250,28249,6/1/2014
S148,Cha,USA,Car,Low,1947,12,23364,700.92,22663.08,5841,16822.08,9/1/2014
S149,Cha,Can,Car,Low,908,12,10896,326.88,10569.12,2724,7845.12,12/1/2013
S150,Gov,Ger,Mon,Low,1958,7,13706,411.18,13294.82,9790,3504.82,2/1/2014
S151,Cha,Fra,Mon,Low,1901,12,22812,684.36,22127.64,5703,16424.64,6/1/2014
S152,Gov,Fra,Mon,Low,544,7,3808,114.24,3693.76,2720,973.76,9/1/2014
S153,Gov,Ger,Mon,Low,1797,350,628950,18868.5,610081.5,467220,142861.5,9/1/2013
S154,Ent,Fra,Mon,Low,1287,125,160875,4826.25,156048.75,154440,1608.75,12/1/2014
S155,Ent,Ger,Mon,Low,1706,125,213250,6397.5,206852.5,204720,2132.5,12/1/2014
S156,Bus,Fra,Pas,Low,2434.5,300,730350,21910.5,708439.5,608625,99814.5,1/1/2014
S157,Ent,Can,Pas,Low,1774,125,221750,6652.5,215097.5,212880,2217.5,3/1/2014
S158,Cha,Fra,Pas,Low,1901,12,22812,684.36,22127.64,5703,16424.64,6/1/2014
S159,Bus,Ger,Pas,Low,689,300,206700,6201,200499,172250,28249,6/1/2014
S160,Ent,Ger,Pas,Low,1570,125,196250,5887.5,190362.5,188400,1962.5,6/1/2014
S161,Cha,USA,Pas,Low,1369.5,12,16434,493.02,15940.98,4108.5,11832.48,7/1/2014
S162,Ent,Can,Pas,Low,2009,125,251125,7533.75,243591.25,241080,2511.25,10/1/2014
S163,Mid,Ger,Pas,Low,1945,15,29175,875.25,28299.75,19450,8849.75,10/1/2013
S164,Ent,Fra,Pas,Low,1287,125,160875,4826.25,156048.75,154440,1608.75,12/1/2014
S165,Ent,Ger,Pas,Low,1706,125,213250,6397.5,206852.5,204720,2132.5,12/1/2014
S166,Ent,Can,Vel,Low,2009,125,251125,7533.75,243591.25,241080,2511.25,10/1/2014
S167,Bus,USA,VTT,Low,2844,300,853200,25596,827604,711000,116604,2/1/2014
S168,Cha,Mex,VTT,Low,1916,12,22992,689.76,22302.24,5748,16554.24,4/1/2014
S169,Ent,Ger,VTT,Low,1570,125,196250,5887.5,190362.5,188400,1962.5,6/1/2014
S170,Bus,Can,VTT,Low,1874,300,562200,16866,545334,468500,76834,8/1/2014
S171,Gov,Mex,VTT,Low,1642,350,574700,17241,557459,426920,130539,8/1/2014
S172,Mid,Ger,VTT,Low,1945,15,29175,875.25,28299.75,19450,8849.75,10/1/2013
S173,Gov,Can,Car,Low,831,20,16620,498.6,16121.4,8310,7811.4,5/1/2014
S174,Gov,Mex,Pas,Low,1760,7,12320,369.6,11950.4,8800,3150.4,9/1/2013
S175,Gov,Can,Vel,Low,3850.5,20,77010,2310.3,74699.7,38505,36194.7,4/1/2014
S176,Cha,Ger,VTT,Low,2479,12,29748,892.44,28855.56,7437,21418.56,1/1/2014
S177,Mid,Mex,Mon,Low,2031,15,30465,1218.6,29246.4,20310,8936.4,10/1/2014
S178,Mid,Mex,Pas,Low,2031,15,30465,1218.6,29246.4,20310,8936.4,10/1/2014
S179,Mid,Fra,Pas,Low,2261,15,33915,1356.6,32558.4,22610,9948.4,12/1/2013
S180,Gov,USA,Vel,Low,736,20,14720,588.8,14131.2,7360,6771.2,9/1/2013
S181,Gov,Can,Car,Low,2851,7,19957,798.28,19158.72,14255,4903.72,10/1/2013
S182,Bus,Ger,Car,Low,2021,300,606300,24252,582048,505250,76798,10/1/2014
S183,Gov,USA,Car,Low,274,350,95900,3836,92064,71240,20824,12/1/2014
S184,Mid,Can,Mon,Low,1967,15,29505,1180.2,28324.8,19670,8654.8,3/1/2014
S185,Bus,Ger,Mon,Low,1859,300,557700,22308,535392,464750,70642,8/1/2014
S186,Gov,Can,Mon,Low,2851,7,19957,798.28,19158.72,14255,4903.72,10/1/2013
S187,Bus,Ger,Mon,Low,2021,300,606300,24252,582048,505250,76798,10/1/2014
S188,Ent,Mex,Mon,Low,1138,125,142250,5690,136560,136560,0,12/1/2014
S189,Gov,Can,Pas,Low,4251,7,29757,1190.28,28566.72,21255,7311.72,1/1/2014
S190,Ent,Ger,Pas,Low,795,125,99375,3975,95400,95400,0,3/1/2014
S191,Bus,Ger,Pas,Low,1414.5,300,424350,16974,407376,353625,53751,4/1/2014
S192,Bus,USA,Pas,Low,2918,300,875400,35016,840384,729500,110884,5/1/2014
S193,Gov,USA,Pas,Low,3450,350,1207500,48300,1159200,897000,262200,7/1/2014
S194,Ent,Fra,Pas,Low,2988,125,373500,14940,358560,358560,0,7/1/2014
S195,Mid,Can,Pas,Low,218,15,3270,130.8,3139.2,2180,959.2,9/1/2014
S196,Gov,Can,Pas,Low,2074,20,41480,1659.2,39820.8,20740,19080.8,9/1/2014
S197,Gov,USA,Pas,Low,1056,20,21120,844.8,20275.2,10560,9715.2,9/1/2014
S198,Mid,USA,Pas,Low,671,15,10065,402.6,9662.4,6710,2952.4,10/1/2013
S199,Mid,Mex,Pas,Low,1514,15,22710,908.4,21801.6,15140,6661.6,10/1/2013
S200,Gov,USA,Pas,Low,274,350,95900,3836,92064,71240,20824,12/1/2014
S201,Ent,Mex,Pas,Low,1138,125,142250,5690,136560,136560,0,12/1/2014
S202,Cha,USA,Vel,Low,1465,12,17580,703.2,16876.8,4395,12481.8,3/1/2014
S203,Gov,Can,Vel,Low,2646,20,52920,2116.8,50803.2,26460,24343.2,9/1/2013
S204,Gov,Fra,Vel,Low,2177,350,761950,30478,731472,566020,165452,10/1/2014
S205,Cha,Fra,VTT,Low,866,12,10392,415.68,9976.32,2598,7378.32,5/1/2014
S206,Gov,USA,VTT,Low,349,350,122150,4886,117264,90740,26524,9/1/2013
S207,Gov,Fra,VTT,Low,2177,350,761950,30478,731472,566020,165452,10/1/2014
S208,Mid,Mex,VTT,Low,1514,15,22710,908.4,21801.6,15140,6661.6,10/1/2013
S209,Gov,Mex,Ama,Low,1865,350,652750,26110,626640,484900,141740,2/1/2014
S210,Ent,Mex,Ama,Low,1074,125,134250,5370,128880,128880,0,4/1/2014
S211,Gov,Ger,Ama,Low,1907,350,667450,26698,640752,495820,144932,9/1/2014
S212,Mid,USA,Ama,Low,671,15,10065,402.6,9662.4,6710,2952.4,10/1/2013
S213,Gov,Can,Ama,Low,1778,350,622300,24892,597408,462280,135128,12/1/2013
S214,Gov,Ger,Mon,Medium,1159,7,8113,405.65,7707.35,5795,1912.35,10/1/2013
S215,Gov,Ger,Pas,Medium,1372,7,9604,480.2,9123.8,6860,2263.8,1/1/2014
S216,Gov,Can,Pas,Medium,2349,7,16443,822.15,15620.85,11745,3875.85,9/1/2013
S217,Gov,Mex,Pas,Medium,2689,7,18823,941.15,17881.85,13445,4436.85,10/1/2014
S218,Cha,Can,Pas,Medium,2431,12,29172,1458.6,27713.4,7293,20420.4,12/1/2014
S219,Cha,Can,Vel,Medium,2431,12,29172,1458.6,27713.4,7293,20420.4,12/1/2014
S220,Gov,Mex,VTT,Medium,2689,7,18823,941.15,17881.85,13445,4436.85,10/1/2014
S221,Gov,Mex,Ama,Medium,1683,7,11781,589.05,11191.95,8415,2776.95,7/1/2014
S222,Cha,Mex,Ama,Medium,1123,12,13476,673.8,12802.2,3369,9433.2,8/1/2014
S223,Gov,Ger,Ama,Medium,1159,7,8113,405.65,7707.35,5795,1912.35,10/1/2013
S224,Cha,Fra,Car,Medium,1865,12,22380,1119,21261,5595,15666,2/1/2014
S225,Cha,Ger,Car,Medium,1116,12,13392,669.6,12722.4,3348,9374.4,2/1/2014
S226,Gov,Fra,Car,Medium,1563,20,31260,1563,29697,15630,14067,5/1/2014
S227,Bus,USA,Car,Medium,991,300,297300,14865,282435,247750,34685,6/1/2014
S228,Gov,Ger,Car,Medium,1016,7,7112,355.6,6756.4,5080,1676.4,11/1/2013
S229,Mid,Mex,Car,Medium,2791,15,41865,2093.25,39771.75,27910,11861.75,11/1/2014
S230,Gov,USA,Car,Medium,570,7,3990,199.5,3790.5,2850,940.5,12/1/2014
S231,Gov,Fra,Car,Medium,2487,7,17409,870.45,16538.55,12435,4103.55,12/1/2014
S232,Gov,Fra,Mon,Medium,1384.5,350,484575,24228.75,460346.25,359970,100376.25,1/1/2014
S233,Ent,USA,Mon,Medium,3627,125,453375,22668.75,430706.25,435240,-4533.75,7/1/2014
S234,Gov,Mex,Mon,Medium,720,350,252000,12600,239400,187200,52200,9/1/2013
S235,Cha,Ger,Mon,Medium,2342,12,28104,1405.2,26698.8,7026,19672.8,11/1/2014
S236,Bus,Mex,Mon,Medium,1100,300,330000,16500,313500,275000,38500,12/1/2013
S237,Gov,Fra,Pas,Medium,1303,20,26060,1303,24757,13030,11727,2/1/2014
S238,Ent,USA,Pas,Medium,2992,125,374000,18700,355300,359040,-3740,3/1/2014
S239,Ent,Fra,Pas,Medium,2385,125,298125,14906.25,283218.75,286200,-2981.25,3/1/2014
S240,Bus,Mex,Pas,Medium,1607,300,482100,24105,457995,401750,56245,4/1/2014
S241,Gov,USA,Pas,Medium,2327,7,16289,814.45,15474.55,11635,3839.55,5/1/2014
S242,Bus,USA,Pas,Medium,991,300,297300,14865,282435,247750,34685,6/1/2014
S243,Gov,USA,Pas,Medium,602,350,210700,10535,200165,156520,43645,6/1/2014
S244,Mid,Fra,Pas,Medium,2620,15,39300,1965,37335,26200,11135,9/1/2014
S245,Gov,Can,Pas,Medium,1228,350,429800,21490,408310,319280,89030,10/1/2013
S246,Gov,Can,Pas,Medium,1389,20,27780,1389,26391,13890,12501,10/1/2013
S247,Ent,USA,Pas,Medium,861,125,107625,5381.25,102243.75,103320,-1076.25,10/1/2014
S248,Ent,Fra,Pas,Medium,704,125,88000,4400,83600,84480,-880,10/1/2013
S249,Gov,Can,Pas,Medium,1802,20,36040,1802,34238,18020,16218,12/1/2013
S250,Gov,USA,Pas,Medium,2663,20,53260,2663,50597,26630,23967,12/1/2014
S251,Gov,Fra,Pas,Medium,2136,7,14952,747.6,14204.4,10680,3524.4,12/1/2013
S252,Mid,Ger,Pas,Medium,2116,15,31740,1587,30153,21160,8993,12/1/2013
S253,Mid,USA,Vel,Medium,555,15,8325,416.25,7908.75,5550,2358.75,1/1/2014
S254,Mid,Mex,Vel,Medium,2861,15,42915,2145.75,40769.25,28610,12159.25,1/1/2014
S255,Ent,Ger,Vel,Medium,807,125,100875,5043.75,95831.25,96840,-1008.75,2/1/2014
S256,Gov,USA,Vel,Medium,602,350,210700,10535,200165,156520,43645,6/1/2014
S257,Gov,USA,Vel,Medium,2832,20,56640,2832,53808,28320,25488,8/1/2014
S258,Gov,Fra,Vel,Medium,1579,20,31580,1579,30001,15790,14211,8/1/2014
S259,Ent,USA,Vel,Medium,861,125,107625,5381.25,102243.75,103320,-1076.25,10/1/2014
S260,Ent,Fra,Vel,Medium,704,125,88000,4400,83600,84480,-880,10/1/2013
S261,Gov,Fra,Vel,Medium,1033,20,20660,1033,19627,10330,9297,12/1/2013
S262,Bus,Ger,Vel,Medium,1250,300,375000,18750,356250,312500,43750,12/1/2014
S263,Gov,Can,VTT,Medium,1389,20,27780,1389,26391,13890,12501,10/1/2013
S264,Gov,USA,VTT,Medium,1265,20,25300,1265,24035,12650,11385,11/1/2013
S265,Gov,Ger,VTT,Medium,2297,20,45940,2297,43643,22970,20673,11/1/2013
S266,Gov,USA,VTT,Medium,2663,20,53260,2663,50597,26630,23967,12/1/2014
S267,Gov,USA,VTT,Medium,570,7,3990,199.5,3790.5,2850,940.5,12/1/2014
S268,Gov,Fra,VTT,Medium,2487,7,17409,870.45,16538.55,12435,4103.55,12/1/2014
S269,Gov,Ger,Ama,Medium,1350,350,472500,23625,448875,351000,97875,2/1/2014
S270,Gov,Can,Ama,Medium,552,350,193200,9660,183540,143520,40020,8/1/2014
S271,Gov,Can,Ama,Medium,1228,350,429800,21490,408310,319280,89030,10/1/2013
S272,Bus,Ger,Ama,Medium,1250,300,375000,18750,356250,312500,43750,12/1/2014
S273,Mid,Fra,Pas,Medium,3801,15,57015,3420.9,53594.1,38010,15584.1,4/1/2014
S274,Gov,USA,Car,Medium,1117.5,20,22350,1341,21009,11175,9834,1/1/2014
S275,Mid,Can,Car,Medium,2844,15,42660,2559.6,40100.4,28440,11660.4,6/1/2014
S276,Cha,Mex,Car,Medium,562,12,6744,404.64,6339.36,1686,4653.36,9/1/2014
S277,Cha,Can,Car,Medium,2299,12,27588,1655.28,25932.72,6897,19035.72,10/1/2013
S278,Mid,USA,Car,Medium,2030,15,30450,1827,28623,20300,8323,11/1/2014
S279,Gov,USA,Car,Medium,263,7,1841,110.46,1730.54,1315,415.54,11/1/2013
S280,Ent,Ger,Car,Medium,887,125,110875,6652.5,104222.5,106440,-2217.5,12/1/2013
S281,Gov,Mex,Mon,Medium,980,350,343000,20580,322420,254800,67620,4/1/2014
S282,Gov,Ger,Mon,Medium,1460,350,511000,30660,480340,379600,100740,5/1/2014
S283,Gov,Fra,Mon,Medium,1403,7,9821,589.26,9231.74,7015,2216.74,10/1/2013
S284,Cha,USA,Mon,Medium,2723,12,32676,1960.56,30715.44,8169,22546.44,11/1/2014
S285,Gov,Fra,Pas,Medium,1496,350,523600,31416,492184,388960,103224,6/1/2014
S286,Cha,Can,Pas,Medium,2299,12,27588,1655.28,25932.72,6897,19035.72,10/1/2013
S287,Gov,USA,Pas,Medium,727,350,254450,15267,239183,189020,50163,10/1/2013
S288,Ent,Can,Vel,Medium,952,125,119000,7140,111860,114240,-2380,2/1/2014
S289,Ent,USA,Vel,Medium,2755,125,344375,20662.5,323712.5,330600,-6887.5,2/1/2014
S290,Mid,Ger,Vel,Medium,1530,15,22950,1377,21573,15300,6273,5/1/2014
S291,Gov,Fra,Vel,Medium,1496,350,523600,31416,492184,388960,103224,6/1/2014
S292,Gov,Mex,Vel,Medium,1498,7,10486,629.16,9856.84,7490,2366.84,6/1/2014
S293,Bus,Fra,Vel,Medium,1221,300,366300,21978,344322,305250,39072,10/1/2013
S294,Gov,Fra,Vel,Medium,2076,350,726600,43596,683004,539760,143244,10/1/2013
S295,Mid,Can,VTT,Medium,2844,15,42660,2559.6,40100.4,28440,11660.4,6/1/2014
S296,Gov,Mex,VTT,Medium,1498,7,10486,629.16,9856.84,7490,2366.84,6/1/2014
S297,Bus,Fra,VTT,Medium,1221,300,366300,21978,344322,305250,39072,10/1/2013
S298,Gov,Mex,VTT,Medium,1123,20,22460,1347.6,21112.4,11230,9882.4,11/1/2013
S299,Bus,Can,VTT,Medium,2436,300,730800,43848,686952,609000,77952,12/1/2013
S300,Ent,Fra,Ama,Medium,1987.5,125,248437.5,14906.25,233531.25,238500,-4968.75,1/1/2014
S301,Gov,Mex,Ama,Medium,1679,350,587650,35259,552391,436540,115851,9/1/2014
S302,Gov,USA,Ama,Medium,727,350,254450,15267,239183,189020,50163,10/1/2013
S303,Gov,Fra,Ama,Medium,1403,7,9821,589.26,9231.74,7015,2216.74,10/1/2013
S304,Gov,Fra,Ama,Medium,2076,350,726600,43596,683004,539760,143244,10/1/2013
S305,Gov,Fra,Mon,Medium,1757,20,35140,2108.4,33031.6,17570,15461.6,10/1/2013
S306,Mid,USA,Pas,Medium,2198,15,32970,1978.2,30991.8,21980,9011.8,8/1/2014
S307,Mid,Ger,Pas,Medium,1743,15,26145,1568.7,24576.3,17430,7146.3,8/1/2014
S308,Mid,USA,Pas,Medium,1153,15,17295,1037.7,16257.3,11530,4727.3,10/1/2014
S309,Gov,Fra,Pas,Medium,1757,20,35140,2108.4,33031.6,17570,15461.6,10/1/2013
S310,Gov,Ger,Vel,Medium,1001,20,20020,1201.2,18818.8,10010,8808.8,8/1/2014
S311,Gov,Mex,Vel,Medium,1333,7,9331,559.86,8771.14,6665,2106.14,11/1/2014
S312,Mid,USA,VTT,Medium,1153,15,17295,1037.7,16257.3,11530,4727.3,10/1/2014
S313,Cha,Mex,Car,Medium,727,12,8724,610.68,8113.32,2181,5932.32,2/1/2014
S314,Cha,Can,Car,Medium,1884,12,22608,1582.56,21025.44,5652,15373.44,8/1/2014
S315,Gov,Mex,Car,Medium,1834,20,36680,2567.6,34112.4,18340,15772.4,9/1/2013
S316,Cha,Mex,Mon,Medium,2340,12,28080,1965.6,26114.4,7020,19094.4,1/1/2014
S317,Cha,Fra,Mon,Medium,2342,12,28104,1967.28,26136.72,7026,19110.72,11/1/2014
S318,Gov,Fra,Pas,Medium,1031,7,7217,505.19,6711.81,5155,1556.81,9/1/2013
S319,Mid,Can,Vel,Medium,1262,15,18930,1325.1,17604.9,12620,4984.9,5/1/2014
S320,Gov,Can,Vel,Medium,1135,7,7945,556.15,7388.85,5675,1713.85,6/1/2014
S321,Gov,USA,Vel,Medium,547,7,3829,268.03,3560.97,2735,825.97,11/1/2014
S322,Gov,Can,Vel,Medium,1582,7,11074,775.18,10298.82,7910,2388.82,12/1/2014
S323,Cha,Fra,VTT,Medium,1738.5,12,20862,1460.34,19401.66,5215.5,14186.16,4/1/2014
S324,Cha,Ger,VTT,Medium,2215,12,26580,1860.6,24719.4,6645,18074.4,9/1/2013
S325,Gov,Can,VTT,Medium,1582,7,11074,775.18,10298.82,7910,2388.82,12/1/2014
S326,Gov,Can,Ama,Medium,1135,7,7945,556.15,7388.85,5675,1713.85,6/1/2014
S327,Gov,USA,Car,Medium,1761,350,616350,43144.5,573205.5,457860,115345.5,3/1/2014
S328,Bus,Fra,Car,Medium,448,300,134400,9408,124992,112000,12992,6/1/2014
S329,Bus,Fra,Car,Medium,2181,300,654300,45801,608499,545250,63249,10/1/2014
S330,Gov,Fra,Mon,Medium,1976,20,39520,2766.4,36753.6,19760,16993.6,10/1/2014
S331,Bus,Fra,Mon,Medium,2181,300,654300,45801,608499,545250,63249,10/1/2014
S332,Ent,Ger,Mon,Medium,2500,125,312500,21875,290625,300000,-9375,11/1/2013
S333,Bus,Can,Pas,Medium,1702,300,510600,35742,474858,425500,49358,5/1/2014
S334,Bus,Fra,Pas,Medium,448,300,134400,9408,124992,112000,12992,6/1/2014
S335,Ent,Ger,Pas,Medium,3513,125,439125,30738.75,408386.25,421560,-13173.75,7/1/2014
S336,Mid,Fra,Pas,Medium,2101,15,31515,2206.05,29308.95,21010,8298.95,8/1/2014
S337,Mid,USA,Pas,Medium,2931,15,43965,3077.55,40887.45,29310,11577.45,9/1/2013
S338,Gov,Fra,Pas,Medium,1535,20,30700,2149,28551,15350,13201,9/1/2014
S339,Bus,Ger,Pas,Medium,1123,300,336900,23583,313317,280750,32567,9/1/2013
S340,Bus,Can,Pas,Medium,1404,300,421200,29484,391716,351000,40716,11/1/2013
S341,Cha,Mex,Pas,Medium,2763,12,33156,2320.92,30835.08,8289,22546.08,11/1/2013
S342,Gov,Ger,Pas,Medium,2125,7,14875,1041.25,13833.75,10625,3208.75,12/1/2013
S343,Bus,Fra,Vel,Medium,1659,300,497700,34839,462861,414750,48111,7/1/2014
S344,Gov,Mex,Vel,Medium,609,20,12180,852.6,11327.4,6090,5237.4,8/1/2014
S345,Ent,Ger,Vel,Medium,2087,125,260875,18261.25,242613.75,250440,-7826.25,9/1/2014
S346,Gov,Fra,Vel,Medium,1976,20,39520,2766.4,36753.6,19760,16993.6,10/1/2014
S347,Gov,USA,Vel,Medium,1421,20,28420,1989.4,26430.6,14210,12220.6,12/1/2013
S348,Bus,USA,Vel,Medium,1372,300,411600,28812,382788,343000,39788,12/1/2014
S349,Gov,Ger,Vel,Medium,588,20,11760,823.2,10936.8,5880,5056.8,12/1/2013
S350,Cha,Can,VTT,Medium,3244.5,12,38934,2725.38,36208.62,9733.5,26475.12,1/1/2014
S351,Bus,Fra,VTT,Medium,959,300,287700,20139,267561,239750,27811,2/1/2014
S352,Bus,Mex,VTT,Medium,2747,300,824100,57687,766413,686750,79663,2/1/2014
S353,Ent,Can,Ama,Medium,1645,125,205625,14393.75,191231.25,197400,-6168.75,5/1/2014
S354,Gov,Fra,Ama,Medium,2876,350,1006600,70462,936138,747760,188378,9/1/2014
S355,Ent,Ger,Ama,Medium,994,125,124250,8697.5,115552.5,119280,-3727.5,9/1/2013
S356,Gov,Can,Ama,Medium,1118,20,22360,1565.2,20794.8,11180,9614.8,11/1/2014
S357,Bus,USA,Ama,Medium,1372,300,411600,28812,382788,343000,39788,12/1/2014
S358,Gov,Can,Mon,Medium,488,7,3416,273.28,3142.72,2440,702.72,2/1/2014
S359,Gov,USA,Mon,Medium,1282,20,25640,2051.2,23588.8,12820,10768.8,6/1/2014
S360,Gov,Can,Pas,Medium,257,7,1799,143.92,1655.08,1285,370.08,5/1/2014
S361,Gov,USA,Ama,Medium,1282,20,25640,2051.2,23588.8,12820,10768.8,6/1/2014
S362,Ent,Mex,Car,Medium,1540,125,192500,15400,177100,184800,-7700,8/1/2014
S363,Mid,Fra,Car,Medium,490,15,7350,588,6762,4900,1862,11/1/2014
S364,Gov,Mex,Car,Medium,1362,350,476700,38136,438564,354120,84444,12/1/2014
S365,Mid,Fra,Mon,Medium,2501,15,37515,3001.2,34513.8,25010,9503.8,3/1/2014
S366,Gov,Can,Mon,Medium,708,20,14160,1132.8,13027.2,7080,5947.2,6/1/2014
S367,Gov,Ger,Mon,Medium,645,20,12900,1032,11868,6450,5418,7/1/2014
S368,Bus,Fra,Mon,Medium,1562,300,468600,37488,431112,390500,40612,8/1/2014
S369,Bus,Can,Mon,Medium,1283,300,384900,30792,354108,320750,33358,9/1/2013
S370,Mid,Ger,Mon,Medium,711,15,10665,853.2,9811.8,7110,2701.8,12/1/2014
S371,Ent,Mex,Pas,Medium,1114,125,139250,11140,128110,133680,-5570,3/1/2014
S372,Gov,Ger,Pas,Medium,1259,7,8813,705.04,8107.96,6295,1812.96,4/1/2014
S373,Gov,Ger,Pas,Medium,1095,7,7665,613.2,7051.8,5475,1576.8,5/1/2014
S374,Gov,Ger,Pas,Medium,1366,20,27320,2185.6,25134.4,13660,11474.4,6/1/2014
S375,Bus,Mex,Pas,Medium,2460,300,738000,59040,678960,615000,63960,6/1/2014
S376,Gov,USA,Pas,Medium,678,7,4746,379.68,4366.32,3390,976.32,8/1/2014
S377,Gov,Ger,Pas,Medium,1598,7,11186,894.88,10291.12,7990,2301.12,8/1/2014
S378,Gov,Ger,Pas,Medium,2409,7,16863,1349.04,15513.96,12045,3468.96,9/1/2013
S379,Gov,Ger,Pas,Medium,1934,20,38680,3094.4,35585.6,19340,16245.6,9/1/2014
S380,Gov,Mex,Pas,Medium,2993,20,59860,4788.8,55071.2,29930,25141.2,9/1/2014
S381,Gov,Ger,Pas,Medium,2146,350,751100,60088,691012,557960,133052,11/1/2013
S382,Gov,Mex,Pas,Medium,1946,7,13622,1089.76,12532.24,9730,2802.24,12/1/2013
S383,Gov,Mex,Pas,Medium,1362,350,476700,38136,438564,354120,84444,12/1/2014
S384,Cha,Can,Vel,Medium,598,12,7176,574.08,6601.92,1794,4807.92,3/1/2014
S385,Gov,USA,Vel,Medium,2907,7,20349,1627.92,18721.08,14535,4186.08,6/1/2014
S386,Gov,Ger,Vel,Medium,2338,7,16366,1309.28,15056.72,11690,3366.72,6/1/2014
S387,Bus,Fra,Vel,Medium,386,300,115800,9264,106536,96500,10036,11/1/2013
S388,Bus,Mex,Vel,Medium,635,300,190500,15240,175260,158750,16510,12/1/2014
S389,Gov,Fra,VTT,Medium,574.5,350,201075,16086,184989,149370,35619,4/1/2014
S390,Gov,Ger,VTT,Medium,2338,7,16366,1309.28,15056.72,11690,3366.72,6/1/2014
S391,Gov,Fra,VTT,Medium,381,350,133350,10668,122682,99060,23622,8/1/2014
S392,Gov,Ger,VTT,Medium,422,350,147700,11816,135884,109720,26164,8/1/2014
S393,Bus,Can,VTT,Medium,2134,300,640200,51216,588984,533500,55484,9/1/2014
S394,Bus,USA,VTT,Medium,808,300,242400,19392,223008,202000,21008,12/1/2013
S395,Gov,Can,Ama,Medium,708,20,14160,1132.8,13027.2,7080,5947.2,6/1/2014
S396,Gov,USA,Ama,Medium,2907,7,20349,1627.92,18721.08,14535,4186.08,6/1/2014
S397,Gov,Ger,Ama,Medium,1366,20,27320,2185.6,25134.4,13660,11474.4,6/1/2014
S398,Bus,Mex,Ama,Medium,2460,300,738000,59040,678960,615000,63960,6/1/2014
S399,Gov,Ger,Ama,Medium,1520,20,30400,2432,27968,15200,12768,11/1/2014
S400,Mid,Ger,Ama,Medium,711,15,10665,853.2,9811.8,7110,2701.8,12/1/2014
S401,Cha,Mex,Ama,Medium,1375,12,16500,1320,15180,4125,11055,12/1/2013
S402,Bus,Mex,Ama,Medium,635,300,190500,15240,175260,158750,16510,12/1/2014
S403,Gov,USA,VTT,Medium,436.5,20,8730,698.4,8031.6,4365,3666.6,7/1/2014
S404,Bus,Can,Car,Medium,1094,300,328200,29538,298662,273500,25162,6/1/2014
S405,Cha,Mex,Car,Medium,367,12,4404,396.36,4007.64,1101,2906.64,10/1/2013
S406,Bus,Can,Mon,Medium,3802.5,300,1140750,102667.5,1038082.5,950625,87457.5,4/1/2014
S407,Gov,Fra,Mon,Medium,1666,350,583100,52479,530621,433160,97461,5/1/2014
S408,Bus,Fra,Mon,Medium,322,300,96600,8694,87906,80500,7406,9/1/2013
S409,Cha,Can,Mon,Medium,2321,12,27852,2506.68,25345.32,6963,18382.32,11/1/2014
S410,Ent,Fra,Mon,Medium,1857,125,232125,20891.25,211233.75,222840,-11606.25,11/1/2013
S411,Gov,Can,Mon,Medium,1611,7,11277,1014.93,10262.07,8055,2207.07,12/1/2013
S412,Ent,USA,Mon,Medium,2797,125,349625,31466.25,318158.75,335640,-17481.25,12/1/2014
S413,Bus,Ger,Mon,Medium,334,300,100200,9018,91182,83500,7682,12/1/2013
S414,Bus,Mex,Pas,Medium,2565,300,769500,69255,700245,641250,58995,1/1/2014
S415,Gov,Mex,Pas,Medium,2417,350,845950,76135.5,769814.5,628420,141394.5,1/1/2014
S416,Mid,USA,Pas,Medium,3675,15,55125,4961.25,50163.75,36750,13413.75,4/1/2014
S417,Bus,Can,Pas,Medium,1094,300,328200,29538,298662,273500,25162,6/1/2014
S418,Mid,Fra,Pas,Medium,1227,15,18405,1656.45,16748.55,12270,4478.55,10/1/2014
S419,Cha,Mex,Pas,Medium,367,12,4404,396.36,4007.64,1101,2906.64,10/1/2013
S420,Bus,Fra,Pas,Medium,1324,300,397200,35748,361452,331000,30452,11/1/2014
S421,Cha,Ger,Pas,Medium,1775,12,21300,1917,19383,5325,14058,11/1/2013
S422,Ent,USA,Pas,Medium,2797,125,349625,31466.25,318158.75,335640,-17481.25,12/1/2014
S423,Mid,Mex,Vel,Medium,245,15,3675,330.75,3344.25,2450,894.25,5/1/2014
S424,Bus,Can,Vel,Medium,3793.5,300,1138050,102424.5,1035625.5,948375,87250.5,7/1/2014
S425,Gov,Ger,Vel,Medium,1307,350,457450,41170.5,416279.5,339820,76459.5,7/1/2014
S426,Ent,Can,Vel,Medium,567,125,70875,6378.75,64496.25,68040,-3543.75,9/1/2014
S427,Ent,Mex,Vel,Medium,2110,125,263750,23737.5,240012.5,253200,-13187.5,9/1/2014
S428,Gov,Can,Vel,Medium,1269,350,444150,39973.5,404176.5,329940,74236.5,10/1/2014
S429,Cha,USA,VTT,Medium,1956,12,23472,2112.48,21359.52,5868,15491.52,1/1/2014
S430,Bus,Ger,VTT,Medium,2659,300,797700,71793,725907,664750,61157,2/1/2014
S431,Gov,USA,VTT,Medium,1351.5,350,473025,42572.25,430452.75,351390,79062.75,4/1/2014
S432,Cha,Ger,VTT,Medium,880,12,10560,950.4,9609.6,2640,6969.6,5/1/2014
S433,Bus,USA,VTT,Medium,1867,300,560100,50409,509691,466750,42941,9/1/2014
S434,Cha,Fra,VTT,Medium,2234,12,26808,2412.72,24395.28,6702,17693.28,9/1/2013
S435,Mid,Fra,VTT,Medium,1227,15,18405,1656.45,16748.55,12270,4478.55,10/1/2014
S436,Ent,Mex,VTT,Medium,877,125,109625,9866.25,99758.75,105240,-5481.25,11/1/2014
S437,Gov,USA,Ama,Medium,2071,350,724850,65236.5,659613.5,538460,121153.5,9/1/2014
S438,Gov,Can,Ama,Medium,1269,350,444150,39973.5,404176.5,329940,74236.5,10/1/2014
S439,Mid,Ger,Ama,Medium,970,15,14550,1309.5,13240.5,9700,3540.5,11/1/2013
S440,Gov,Mex,Ama,Medium,1694,20,33880,3049.2,30830.8,16940,13890.8,11/1/2014
S441,Gov,Ger,Car,Medium,663,20,13260,1193.4,12066.6,6630,5436.6,5/1/2014
S442,Gov,Can,Car,Medium,819,7,5733,515.97,5217.03,4095,1122.03,7/1/2014
S443,Cha,Ger,Car,Medium,1580,12,18960,1706.4,17253.6,4740,12513.6,9/1/2014
S444,Gov,Mex,Car,Medium,521,7,3647,328.23,3318.77,2605,713.77,12/1/2014
S445,Gov,USA,Pas,Medium,973,20,19460,1751.4,17708.6,9730,7978.6,3/1/2014
S446,Gov,Mex,Pas,Medium,1038,20,20760,1868.4,18891.6,10380,8511.6,6/1/2014
S447,Gov,Ger,Pas,Medium,360,7,2520,226.8,2293.2,1800,493.2,10/1/2014
S448,Cha,Fra,Vel,Medium,1967,12,23604,2124.36,21479.64,5901,15578.64,3/1/2014
S449,Mid,Mex,Vel,Medium,2628,15,39420,3547.8,35872.2,26280,9592.2,4/1/2014
S450,Gov,Ger,VTT,Medium,360,7,2520,226.8,2293.2,1800,493.2,10/1/2014
S451,Gov,Fra,VTT,Medium,2682,20,53640,4827.6,48812.4,26820,21992.4,11/1/2013
S452,Gov,Mex,VTT,Medium,521,7,3647,328.23,3318.77,2605,713.77,12/1/2014
S453,Gov,Mex,Ama,Medium,1038,20,20760,1868.4,18891.6,10380,8511.6,6/1/2014
S454,Mid,Can,Ama,Medium,1630.5,15,24457.5,2201.175,22256.325,16305,5951.325,7/1/2014
S455,Cha,Fra,Ama,Medium,306,12,3672,330.48,3341.52,918,2423.52,12/1/2013
S456,Cha,USA,Car,High,386,12,4632,463.2,4168.8,1158,3010.8,10/1/2013
S457,Gov,USA,Mon,High,2328,7,16296,1629.6,14666.4,11640,3026.4,9/1/2014
S458,Cha,USA,Pas,High,386,12,4632,463.2,4168.8,1158,3010.8,10/1/2013
S459,Ent,USA,Car,High,3445.5,125,430687.5,43068.75,387618.75,413460,-25841.25,4/1/2014
S460,Ent,Fra,Car,High,1482,125,185250,18525,166725,177840,-11115,12/1/2013
S461,Gov,USA,Mon,High,2313,350,809550,80955,728595,601380,127215,5/1/2014
S462,Ent,USA,Mon,High,1804,125,225500,22550,202950,216480,-13530,11/1/2013
S463,Mid,Fra,Mon,High,2072,15,31080,3108,27972,20720,7252,12/1/2014
S464,Gov,Fra,Pas,High,1954,20,39080,3908,35172,19540,15632,3/1/2014
S465,Bus,Mex,Pas,High,591,300,177300,17730,159570,147750,11820,5/1/2014
S466,Mid,Fra,Pas,High,2167,15,32505,3250.5,29254.5,21670,7584.5,10/1/2013
S467,Gov,Ger,Pas,High,241,20,4820,482,4338,2410,1928,10/1/2014
S468,Mid,Ger,Vel,High,681,15,10215,1021.5,9193.5,6810,2383.5,1/1/2014
S469,Mid,Ger,Vel,High,510,15,7650,765,6885,5100,1785,4/1/2014
S470,Mid,USA,Vel,High,790,15,11850,1185,10665,7900,2765,5/1/2014
S471,Gov,Fra,Vel,High,639,350,223650,22365,201285,166140,35145,7/1/2014
S472,Ent,USA,Vel,High,1596,125,199500,19950,179550,191520,-11970,9/1/2014
S473,Bus,USA,Vel,High,2294,300,688200,68820,619380,573500,45880,10/1/2013
S474,Gov,Ger,Vel,High,241,20,4820,482,4338,2410,1928,10/1/2014
S475,Gov,Ger,Vel,High,2665,7,18655,1865.5,16789.5,13325,3464.5,11/1/2014
S476,Ent,Can,Vel,High,1916,125,239500,23950,215550,229920,-14370,12/1/2013
S477,Bus,Fra,Vel,High,853,300,255900,25590,230310,213250,17060,12/1/2014
S478,Ent,Mex,VTT,High,341,125,42625,4262.5,38362.5,40920,-2557.5,5/1/2014
S479,Mid,Mex,VTT,High,641,15,9615,961.5,8653.5,6410,2243.5,7/1/2014
S480,Gov,USA,VTT,High,2807,350,982450,98245,884205,729820,154385,8/1/2014
S481,Bus,Mex,VTT,High,432,300,129600,12960,116640,108000,8640,9/1/2014
S482,Bus,USA,VTT,High,2294,300,688200,68820,619380,573500,45880,10/1/2013
S483,Mid,Fra,VTT,High,2167,15,32505,3250.5,29254.5,21670,7584.5,10/1/2013
S484,Ent,Can,VTT,High,2529,125,316125,31612.5,284512.5,303480,-18967.5,11/1/2014
S485,Gov,Ger,VTT,High,1870,350,654500,65450,589050,486200,102850,12/1/2013
S486,Ent,USA,Ama,High,579,125,72375,7237.5,65137.5,69480,-4342.5,1/1/2014
S487,Gov,Can,Ama,High,2240,350,784000,78400,705600,582400,123200,2/1/2014
S488,Bus,USA,Ama,High,2993,300,897900,89790,808110,748250,59860,3/1/2014
S489,Cha,Can,Ama,High,3520.5,12,42246,4224.6,38021.4,10561.5,27459.9,4/1/2014
S490,Gov,Mex,Ama,High,2039,20,40780,4078,36702,20390,16312,5/1/2014
S491,Cha,Ger,Ama,High,2574,12,30888,3088.8,27799.2,7722,20077.2,8/1/2014
S492,Gov,Can,Ama,High,707,350,247450,24745,222705,183820,38885,9/1/2014
S493,Mid,Fra,Ama,High,2072,15,31080,3108,27972,20720,7252,12/1/2014
S494,Bus,Fra,Ama,High,853,300,255900,25590,230310,213250,17060,12/1/2014
S495,Cha,Fra,Car,High,1198,12,14376,1581.36,12794.64,3594,9200.64,10/1/2013
S496,Gov,Fra,Pas,High,2532,7,17724,1949.64,15774.36,12660,3114.36,4/1/2014
S497,Cha,Fra,Pas,High,1198,12,14376,1581.36,12794.64,3594,9200.64,10/1/2013
S498,Mid,Can,Vel,High,384,15,5760,633.6,5126.4,3840,1286.4,1/1/2014
S499,Cha,Ger,Vel,High,472,12,5664,623.04,5040.96,1416,3624.96,10/1/2014
S500,Gov,USA,VTT,High,1579,7,11053,1215.83,9837.17,7895,1942.17,3/1/2014
S501,Cha,Mex,VTT,High,1005,12,12060,1326.6,10733.4,3015,7718.4,9/1/2013
S502,Mid,USA,Ama,High,3199.5,15,47992.5,5279.175,42713.325,31995,10718.325,7/1/2014
S503,Cha,Ger,Ama,High,472,12,5664,623.04,5040.96,1416,3624.96,10/1/2014
S504,Cha,Can,Car,High,1937,12,23244,2556.84,20687.16,5811,14876.16,2/1/2014
S505,Gov,Ger,Car,High,792,350,277200,30492,246708,205920,40788,3/1/2014
S506,Bus,Ger,Car,High,2811,300,843300,92763,750537,702750,47787,7/1/2014
S507,Ent,Fra,Car,High,2441,125,305125,33563.75,271561.25,292920,-21358.75,10/1/2014
S508,Mid,Can,Car,High,1560,15,23400,2574,20826,15600,5226,11/1/2013
S509,Gov,Mex,Car,High,2706,7,18942,2083.62,16858.38,13530,3328.38,11/1/2013
S510,Gov,Ger,Mon,High,766,350,268100,29491,238609,199160,39449,1/1/2014
S511,Gov,Ger,Mon,High,2992,20,59840,6582.4,53257.6,29920,23337.6,10/1/2013
S512,Mid,Mex,Mon,High,2157,15,32355,3559.05,28795.95,21570,7225.95,12/1/2014
S513,Bus,Can,Pas,High,873,300,261900,28809,233091,218250,14841,1/1/2014
S514,Gov,Mex,Pas,High,1122,20,22440,2468.4,19971.6,11220,8751.6,3/1/2014
S515,Gov,Can,Pas,High,2104.5,350,736575,81023.25,655551.75,547170,108381.75,7/1/2014
S516,Cha,Can,Pas,High,4026,12,48312,5314.32,42997.68,12078,30919.68,7/1/2014
S517,Cha,Fra,Pas,High,2425.5,12,29106,3201.66,25904.34,7276.5,18627.84,7/1/2014
S518,Gov,Can,Pas,High,2394,20,47880,5266.8,42613.2,23940,18673.2,8/1/2014
S519,Mid,Mex,Pas,High,1984,15,29760,3273.6,26486.4,19840,6646.4,8/1/2014
S520,Ent,Fra,Pas,High,2441,125,305125,33563.75,271561.25,292920,-21358.75,10/1/2014
S521,Gov,Ger,Pas,High,2992,20,59840,6582.4,53257.6,29920,23337.6,10/1/2013
S522,Bus,Can,Pas,High,1366,300,409800,45078,364722,341500,23222,11/1/2014
S523,Gov,Fra,Vel,High,2805,20,56100,6171,49929,28050,21879,9/1/2013
S524,Mid,Mex,Vel,High,655,15,9825,1080.75,8744.25,6550,2194.25,9/1/2013
S525,Gov,Mex,Vel,High,344,350,120400,13244,107156,89440,17716,10/1/2013
S526,Gov,Can,Vel,High,1808,7,12656,1392.16,11263.84,9040,2223.84,11/1/2014
S527,Cha,Fra,VTT,High,1734,12,20808,2288.88,18519.12,5202,13317.12,1/1/2014
S528,Ent,Mex,VTT,High,554,125,69250,7617.5,61632.5,66480,-4847.5,1/1/2014
S529,Gov,Can,VTT,High,2935,20,58700,6457,52243,29350,22893,11/1/2013
S530,Ent,Ger,Ama,High,3165,125,395625,43518.75,352106.25,379800,-27693.75,1/1/2014
S531,Gov,Mex,Ama,High,2629,20,52580,5783.8,46796.2,26290,20506.2,1/1/2014
S532,Ent,Fra,Ama,High,1433,125,179125,19703.75,159421.25,171960,-12538.75,5/1/2014
S533,Ent,Mex,Ama,High,947,125,118375,13021.25,105353.75,113640,-8286.25,9/1/2013
S534,Gov,Mex,Ama,High,344,350,120400,13244,107156,89440,17716,10/1/2013
S535,Mid,Mex,Ama,High,2157,15,32355,3559.05,28795.95,21570,7225.95,12/1/2014
S536,Gov,USA,Pas,High,380,7,2660,292.6,2367.4,1900,467.4,9/1/2013
S537,Gov,Mex,Car,High,886,350,310100,37212,272888,230360,42528,6/1/2014
S538,Ent,Can,Car,High,2416,125,302000,36240,265760,289920,-24160,9/1/2013
S539,Ent,Mex,Car,High,2156,125,269500,32340,237160,258720,-21560,10/1/2014
S540,Mid,Can,Car,High,2689,15,40335,4840.2,35494.8,26890,8604.8,11/1/2014
S541,Mid,USA,Mon,High,677,15,10155,1218.6,8936.4,6770,2166.4,3/1/2014
S542,Bus,Fra,Mon,High,1773,300,531900,63828,468072,443250,24822,4/1/2014
S543,Gov,Mex,Mon,High,2420,7,16940,2032.8,14907.2,12100,2807.2,9/1/2014
S544,Gov,Can,Mon,High,2734,7,19138,2296.56,16841.44,13670,3171.44,10/1/2014
S545,Gov,Mex,Mon,High,1715,20,34300,4116,30184,17150,13034,10/1/2013
S546,Bus,Fra,Mon,High,1186,300,355800,42696,313104,296500,16604,12/1/2013
S547,Bus,USA,Pas,High,3495,300,1048500,125820,922680,873750,48930,1/1/2014
S548,Gov,Mex,Pas,High,886,350,310100,37212,272888,230360,42528,6/1/2014
S549,Ent,Mex,Pas,High,2156,125,269500,32340,237160,258720,-21560,10/1/2014
S550,Gov,Mex,Pas,High,905,20,18100,2172,15928,9050,6878,10/1/2014
S551,Gov,Mex,Pas,High,1715,20,34300,4116,30184,17150,13034,10/1/2013
S552,Gov,Fra,Pas,High,1594,350,557900,66948,490952,414440,76512,11/1/2014
S553,Bus,Ger,Pas,High,1359,300,407700,48924,358776,339750,19026,11/1/2014
S554,Bus,Mex,Pas,High,2150,300,645000,77400,567600,537500,30100,11/1/2014
S555,Gov,Mex,Pas,High,1197,350,418950,50274,368676,311220,57456,11/1/2014
S556,Mid,Mex,Pas,High,380,15,5700,684,5016,3800,1216,12/1/2013
S557,Gov,Mex,Pas,High,1233,20,24660,2959.2,21700.8,12330,9370.8,12/1/2014
S558,Gov,Mex,Vel,High,1395,350,488250,58590,429660,362700,66960,7/1/2014
S559,Gov,USA,Vel,High,986,350,345100,41412,303688,256360,47328,10/1/2014
S560,Gov,Mex,Vel,High,905,20,18100,2172,15928,9050,6878,10/1/2014
S561,Cha,Can,VTT,High,2109,12,25308,3036.96,22271.04,6327,15944.04,5/1/2014
S562,Mid,Fra,VTT,High,3874.5,15,58117.5,6974.1,51143.4,38745,12398.4,7/1/2014
S563,Gov,Can,VTT,High,623,350,218050,26166,191884,161980,29904,9/1/2013
S564,Gov,USA,VTT,High,986,350,345100,41412,303688,256360,47328,10/1/2014
S565,Ent,USA,VTT,High,2387,125,298375,35805,262570,286440,-23870,11/1/2014
S566,Gov,Mex,VTT,High,1233,20,24660,2959.2,21700.8,12330,9370.8,12/1/2014
S567,Gov,USA,Ama,High,270,350,94500,11340,83160,70200,12960,2/1/2014
S568,Gov,Fra,Ama,High,3421.5,7,23950.5,2874.06,21076.44,17107.5,3968.94,7/1/2014
S569,Gov,Can,Ama,High,2734,7,19138,2296.56,16841.44,13670,3171.44,10/1/2014
S570,Mid,USA,Ama,High,2548,15,38220,4586.4,33633.6,25480,8153.6,11/1/2013
S571,Gov,Fra,Car,High,2521.5,20,50430,6051.6,44378.4,25215,19163.4,1/1/2014
S572,Cha,Mex,Mon,High,2661,12,31932,3831.84,28100.16,7983,20117.16,5/1/2014
S573,Gov,Ger,Pas,High,1531,20,30620,3674.4,26945.6,15310,11635.6,12/1/2014
S574,Gov,Fra,VTT,High,1491,7,10437,1252.44,9184.56,7455,1729.56,3/1/2014
S575,Gov,Ger,VTT,High,1531,20,30620,3674.4,26945.6,15310,11635.6,12/1/2014
S576,Cha,Can,Ama,High,2761,12,33132,3975.84,29156.16,8283,20873.16,9/1/2013
S577,Mid,USA,Car,High,2567,15,38505,5005.65,33499.35,25670,7829.35,6/1/2014
S578,Mid,USA,VTT,High,2567,15,38505,5005.65,33499.35,25670,7829.35,6/1/2014
S579,Gov,Can,Car,High,923,350,323050,41996.5,281053.5,239980,41073.5,3/1/2014
S580,Gov,Fra,Car,High,1790,350,626500,81445,545055,465400,79655,3/1/2014
S581,Gov,Ger,Car,High,442,20,8840,1149.2,7690.8,4420,3270.8,9/1/2013
S582,Gov,USA,Mon,High,982.5,350,343875,44703.75,299171.25,255450,43721.25,1/1/2014
S583,Gov,USA,Mon,High,1298,7,9086,1181.18,7904.82,6490,1414.82,2/1/2014
S584,Cha,Mex,Mon,High,604,12,7248,942.24,6305.76,1812,4493.76,6/1/2014
S585,Gov,Mex,Mon,High,2255,20,45100,5863,39237,22550,16687,7/1/2014
S586,Gov,Can,Mon,High,1249,20,24980,3247.4,21732.6,12490,9242.6,10/1/2014
S587,Gov,USA,Pas,High,1438.5,7,10069.5,1309.035,8760.465,7192.5,1567.965,1/1/2014
S588,Bus,Ger,Pas,High,807,300,242100,31473,210627,201750,8877,1/1/2014
S589,Gov,USA,Pas,High,2641,20,52820,6866.6,45953.4,26410,19543.4,2/1/2014
S590,Gov,Ger,Pas,High,2708,20,54160,7040.8,47119.2,27080,20039.2,2/1/2014
S591,Gov,Can,Pas,High,2632,350,921200,119756,801444,684320,117124,6/1/2014
S592,Ent,Can,Pas,High,1583,125,197875,25723.75,172151.25,189960,-17808.75,6/1/2014
S593,Cha,Mex,Pas,High,571,12,6852,890.76,5961.24,1713,4248.24,7/1/2014
S594,Gov,Fra,Pas,High,2696,7,18872,2453.36,16418.64,13480,2938.64,8/1/2014
S595,Mid,Can,Pas,High,1565,15,23475,3051.75,20423.25,15650,4773.25,10/1/2014
S596,Gov,Can,Pas,High,1249,20,24980,3247.4,21732.6,12490,9242.6,10/1/2014
S597,Gov,Ger,Pas,High,357,350,124950,16243.5,108706.5,92820,15886.5,11/1/2014
S598,Cha,Ger,Pas,High,1013,12,12156,1580.28,10575.72,3039,7536.72,12/1/2014
S599,Mid,Fra,Vel,High,3997.5,15,59962.5,7795.125,52167.375,39975,12192.375,1/1/2014
S600,Gov,Can,Vel,High,2632,350,921200,119756,801444,684320,117124,6/1/2014
S601,Gov,Fra,Vel,High,1190,7,8330,1082.9,7247.1,5950,1297.1,6/1/2014
S602,Cha,Mex,Vel,High,604,12,7248,942.24,6305.76,1812,4493.76,6/1/2014
S603,Mid,Ger,Vel,High,660,15,9900,1287,8613,6600,2013,9/1/2013
S604,Cha,Mex,Vel,High,410,12,4920,639.6,4280.4,1230,3050.4,10/1/2014
S605,Bus,Mex,Vel,High,2605,300,781500,101595,679905,651250,28655,11/1/2013
S606,Cha,Ger,Vel,High,1013,12,12156,1580.28,10575.72,3039,7536.72,12/1/2014
S607,Ent,Can,VTT,High,1583,125,197875,25723.75,172151.25,189960,-17808.75,6/1/2014
S608,Mid,Can,VTT,High,1565,15,23475,3051.75,20423.25,15650,4773.25,10/1/2014
S609,Ent,Can,Ama,High,1659,125,207375,26958.75,180416.25,199080,-18663.75,1/1/2014
S610,Gov,Fra,Ama,High,1190,7,8330,1082.9,7247.1,5950,1297.1,6/1/2014
S611,Cha,Mex,Ama,High,410,12,4920,639.6,4280.4,1230,3050.4,10/1/2014
S612,Cha,Ger,Ama,High,1770,12,21240,2761.2,18478.8,5310,13168.8,12/1/2013
S613,Gov,Mex,Car,High,2579,20,51580,7221.2,44358.8,25790,18568.8,4/1/2014
S614,Gov,USA,Car,High,1743,20,34860,4880.4,29979.6,17430,12549.6,5/1/2014
S615,Gov,USA,Car,High,2996,7,20972,2936.08,18035.92,14980,3055.92,10/1/2013
S616,Gov,Ger,Car,High,280,7,1960,274.4,1685.6,1400,285.6,12/1/2014
S617,Gov,Fra,Mon,High,293,7,2051,287.14,1763.86,1465,298.86,2/1/2014
S618,Gov,USA,Mon,High,2996,7,20972,2936.08,18035.92,14980,3055.92,10/1/2013
S619,Mid,Ger,Pas,High,278,15,4170,583.8,3586.2,2780,806.2,2/1/2014
S620,Gov,Can,Pas,High,2428,20,48560,6798.4,41761.6,24280,17481.6,3/1/2014
S621,Mid,USA,Pas,High,1767,15,26505,3710.7,22794.3,17670,5124.3,9/1/2014
S622,Cha,Fra,Pas,High,1393,12,16716,2340.24,14375.76,4179,10196.76,10/1/2014
S623,Gov,Ger,VTT,High,280,7,1960,274.4,1685.6,1400,285.6,12/1/2014
S624,Cha,Fra,Ama,High,1393,12,16716,2340.24,14375.76,4179,10196.76,10/1/2014
S625,Cha,USA,Ama,High,2015,12,24180,3385.2,20794.8,6045,14749.8,12/1/2013
S626,Bus,Mex,Car,High,801,300,240300,33642,206658,200250,6408,7/1/2014
S627,Ent,Fra,Car,High,1023,125,127875,17902.5,109972.5,122760,-12787.5,9/1/2013
S628,Bus,Can,Car,High,1496,300,448800,62832,385968,374000,11968,10/1/2014
S629,Bus,USA,Car,High,1010,300,303000,42420,260580,252500,8080,10/1/2014
S630,Mid,Ger,Car,High,1513,15,22695,3177.3,19517.7,15130,4387.7,11/1/2014
S631,Mid,Can,Car,High,2300,15,34500,4830,29670,23000,6670,12/1/2014
S632,Ent,Mex,Car,High,2821,125,352625,49367.5,303257.5,338520,-35262.5,12/1/2013
S633,Gov,Can,Mon,High,2227.5,350,779625,109147.5,670477.5,579150,91327.5,1/1/2014
S634,Gov,Ger,Mon,High,1199,350,419650,58751,360899,311740,49159,4/1/2014
S635,Gov,Can,Mon,High,200,350,70000,9800,60200,52000,8200,5/1/2014
S636,Gov,Can,Mon,High,388,7,2716,380.24,2335.76,1940,395.76,9/1/2014
S637,Gov,Mex,Mon,High,1727,7,12089,1692.46,10396.54,8635,1761.54,10/1/2013
S638,Mid,Can,Mon,High,2300,15,34500,4830,29670,23000,6670,12/1/2014
S639,Gov,Mex,Pas,High,260,20,5200,728,4472,2600,1872,2/1/2014
S640,Mid,Can,Pas,High,2470,15,37050,5187,31863,24700,7163,9/1/2013
S641,Mid,Can,Pas,High,1743,15,26145,3660.3,22484.7,17430,5054.7,10/1/2013
S642,Cha,USA,Pas,High,2914,12,34968,4895.52,30072.48,8742,21330.48,10/1/2014
S643,Gov,Fra,Pas,High,1731,7,12117,1696.38,10420.62,8655,1765.62,10/1/2014
S644,Gov,Can,Pas,High,700,350,245000,34300,210700,182000,28700,11/1/2014
S645,Cha,Can,Pas,High,2222,12,26664,3732.96,22931.04,6666,16265.04,11/1/2013
S646,Gov,USA,Pas,High,1177,350,411950,57673,354277,306020,48257,11/1/2014
S647,Gov,Fra,Pas,High,1922,350,672700,94178,578522,499720,78802,11/1/2013
S648,Ent,Mex,Vel,High,1575,125,196875,27562.5,169312.5,189000,-19687.5,2/1/2014
S649,Gov,USA,Vel,High,606,20,12120,1696.8,10423.2,6060,4363.2,4/1/2014
S650,Bus,USA,Vel,High,2460,300,738000,103320,634680,615000,19680,7/1/2014
S651,Bus,Can,Vel,High,269,300,80700,11298,69402,67250,2152,10/1/2013
S652,Bus,Ger,Vel,High,2536,300,760800,106512,654288,634000,20288,11/1/2013
S653,Gov,Mex,VTT,High,2903,7,20321,2844.94,17476.06,14515,2961.06,3/1/2014
S654,Bus,USA,VTT,High,2541,300,762300,106722,655578,635250,20328,8/1/2014
S655,Bus,Can,VTT,High,269,300,80700,11298,69402,67250,2152,10/1/2013
S656,Bus,Can,VTT,High,1496,300,448800,62832,385968,374000,11968,10/1/2014
S657,Bus,USA,VTT,High,1010,300,303000,42420,260580,252500,8080,10/1/2014
S658,Gov,Fra,VTT,High,1281,350,448350,62769,385581,333060,52521,12/1/2013
S659,Bus,Can,Ama,High,888,300,266400,37296,229104,222000,7104,3/1/2014
S660,Ent,USA,Ama,High,2844,125,355500,49770,305730,341280,-35550,5/1/2014
S661,Cha,Fra,Ama,High,2475,12,29700,4158,25542,7425,18117,8/1/2014
S662,Mid,Can,Ama,High,1743,15,26145,3660.3,22484.7,17430,5054.7,10/1/2013
S663,Cha,USA,Ama,High,2914,12,34968,4895.52,30072.48,8742,21330.48,10/1/2014
S664,Gov,Fra,Ama,High,1731,7,12117,1696.38,10420.62,8655,1765.62,10/1/2014
S665,Gov,Mex,Ama,High,1727,7,12089,1692.46,10396.54,8635,1761.54,10/1/2013
S666,Mid,Mex,Ama,High,1870,15,28050,3927,24123,18700,5423,11/1/2013
S667,Ent,Fra,Car,High,1174,125,146750,22012.5,124737.5,140880,-16142.5,8/1/2014
S668,Ent,Ger,Car,High,2767,125,345875,51881.25,293993.75,332040,-38046.25,8/1/2014
S669,Ent,Ger,Car,High,1085,125,135625,20343.75,115281.25,130200,-14918.75,10/1/2014
S670,Bus,Mex,Mon,High,546,300,163800,24570,139230,136500,2730,10/1/2014
S671,Gov,Ger,Pas,High,1158,20,23160,3474,19686,11580,8106,3/1/2014
S672,Mid,Can,Pas,High,1614,15,24210,3631.5,20578.5,16140,4438.5,4/1/2014
S673,Gov,Mex,Pas,High,2535,7,17745,2661.75,15083.25,12675,2408.25,4/1/2014
S674,Gov,Mex,Pas,High,2851,350,997850,149677.5,848172.5,741260,106912.5,5/1/2014
S675,Mid,Can,Pas,High,2559,15,38385,5757.75,32627.25,25590,7037.25,8/1/2014
S676,Gov,USA,Pas,High,267,20,5340,801,4539,2670,1869,10/1/2013
S677,Ent,Ger,Pas,High,1085,125,135625,20343.75,115281.25,130200,-14918.75,10/1/2014
S678,Mid,Ger,Pas,High,1175,15,17625,2643.75,14981.25,11750,3231.25,10/1/2014
S679,Gov,USA,Pas,High,2007,350,702450,105367.5,597082.5,521820,75262.5,11/1/2013
S680,Gov,Mex,Pas,High,2151,350,752850,112927.5,639922.5,559260,80662.5,11/1/2013
S681,Cha,USA,Pas,High,914,12,10968,1645.2,9322.8,2742,6580.8,12/1/2014
S682,Gov,Fra,Pas,High,293,20,5860,879,4981,2930,2051,12/1/2014
S683,Cha,Mex,Vel,High,500,12,6000,900,5100,1500,3600,3/1/2014
S684,Mid,Fra,Vel,High,2826,15,42390,6358.5,36031.5,28260,7771.5,5/1/2014
S685,Ent,Fra,Vel,High,663,125,82875,12431.25,70443.75,79560,-9116.25,9/1/2014
S686,Bus,USA,Vel,High,2574,300,772200,115830,656370,643500,12870,11/1/2013
S687,Ent,USA,Vel,High,2438,125,304750,45712.5,259037.5,292560,-33522.5,12/1/2013
S688,Cha,USA,Vel,High,914,12,10968,1645.2,9322.8,2742,6580.8,12/1/2014
S689,Gov,Can,VTT,High,865.5,20,17310,2596.5,14713.5,8655,6058.5,7/1/2014
S690,Mid,Ger,VTT,High,492,15,7380,1107,6273,4920,1353,7/1/2014
S691,Gov,USA,VTT,High,267,20,5340,801,4539,2670,1869,10/1/2013
S692,Mid,Ger,VTT,High,1175,15,17625,2643.75,14981.25,11750,3231.25,10/1/2014
S693,Ent,Can,VTT,High,2954,125,369250,55387.5,313862.5,354480,-40617.5,11/1/2013
S694,Ent,Ger,VTT,High,552,125,69000,10350,58650,66240,-7590,11/1/2014
S695,Gov,Fra,VTT,High,293,20,5860,879,4981,2930,2051,12/1/2014
S696,Bus,Fra,Ama,High,2475,300,742500,111375,631125,618750,12375,3/1/2014
S697,Bus,Mex,Ama,High,546,300,163800,24570,139230,136500,2730,10/1/2014
S698,Gov,Mex,Mon,High,1368,7,9576,1436.4,8139.6,6840,1299.6,2/1/2014
S699,Gov,Can,Pas,High,723,7,5061,759.15,4301.85,3615,686.85,4/1/2014
S700,Cha,USA,VTT,High,1806,12,21672,3250.8,18421.2,5418,13003.2,5/1/2014
